sequence_id,sequence,label
Seq1,ATGCGTACGTAGCTAGCTAGCTAGCTGACTGACT,Protist
Seq2,GCTAGCTAGCTGACTGACTGACTGACTAGCTAGC,Protist
Seq3,ATCGATCGATCGTACGTACGTAGCTAGCTAGCTA,Protist
Seq4,CGTAGCTAGCTAGCTAGCTGACTGACTGACTGAC,Protist
Seq5,TGACTGACTAGCTAGCTAGCTAGCTGATCGATCG,Protist
Seq6,CTAGCTGACTGACTGACTAGCTAGCTAGCTAGCT,Protist
Seq7,GATCGATCGATCGTAGCTAGCTAGCTAGCTGACT,Protist
Seq8,ATCGTACGTACGTAGCTAGCTAGCTAGCTAGCTA,Protist
Seq9,CGTACGTAGCTAGCTGACTGACTGACTGACTAGC,Protist
Seq10,GACTGACTGACTAGCTAGCTAGCTAGCTAGCTAG,Protist

Seq11,CGTAGCTAGCTGACTGACTGACTGACTAGCTAGC,Metazoan
Seq12,ATGCTAGCTAGCTAGCTAGCTGACTGACTGACTA,Metazoan
Seq13,TAGCTAGCTGACTGACTGACTGACTGACTAGCTA,Metazoan
Seq14,CGTACGTAGCTAGCTGACTGACTAGCTAGCTGAC,Metazoan
Seq15,GCTAGCTAGCTGATCGATCGATCGTAGCTAGCTA,Metazoan
Seq16,ATCGATCGATCGTACGTACGTAGCTAGCTAGCTA,Metazoan
Seq17,GACTGACTGACTGACTAGCTAGCTAGCTAGCTAG,Metazoan
Seq18,TAGCTAGCTAGCTAGCTGACTGACTGACTGACTG,Metazoan
Seq19,CGTAGCTAGCTAGCTAGCTAGCTAGCTAGCTAGC,Metazoan
Seq20,ATGCGTACGTAGCTAGCTAGCTAGCTGACTGACT,Metazoan

Seq21,ATCGATCGATCGATCGATCGATCGATCGATCGAT,Algae
Seq22,GCTAGCTAGCTAGCTAGCTAGCTAGCTAGCTAGC,Algae
Seq23,TGACTGACTGACTGACTGACTGACTGACTGACTG,Algae
Seq24,CGTAGCTAGCTAGCTAGCTAGCTAGCTAGCTAGC,Algae
Seq25,ATGCTAGCTAGCTAGCTAGCTAGCTAGCTAGCTA,Algae
Seq26,CGTACGTACGTACGTACGTACGTACGTACGTAC,Algae
Seq27,GACTGACTGACTGACTGACTGACTGACTGACTGA,Algae
Seq28,ATCGTACGTACGTACGTACGTACGTACGTACGT,Algae
Seq29,CTAGCTAGCTAGCTAGCTAGCTAGCTAGCTAGCT,Algae
Seq30,TAGCTAGCTAGCTAGCTAGCTAGCTAGCTAGCTA,Algae
